{
    "name": "root",
    "gauges": {
        "BalanceBall1.Policy.Entropy.mean": {
            "value": 0.5097067356109619,
            "min": 0.5097067356109619,
            "max": 1.0787285566329956,
            "count": 9
        },
        "BalanceBall1.Policy.Entropy.sum": {
            "value": 25509.802734375,
            "min": 25509.802734375,
            "max": 53988.20703125,
            "count": 9
        },
        "BalanceBall1.Step.mean": {
            "value": 449984.0,
            "min": 49984.0,
            "max": 449984.0,
            "count": 9
        },
        "BalanceBall1.Step.sum": {
            "value": 449984.0,
            "min": 49984.0,
            "max": 449984.0,
            "count": 9
        },
        "BalanceBall1.Policy.ExtrinsicValueEstimate.mean": {
            "value": 11.271951675415039,
            "min": -15.3430814743042,
            "max": 11.271951675415039,
            "count": 9
        },
        "BalanceBall1.Policy.ExtrinsicValueEstimate.sum": {
            "value": 8814.666015625,
            "min": -11982.9462890625,
            "max": 8814.666015625,
            "count": 9
        },
        "BalanceBall1.Losses.PolicyLoss.mean": {
            "value": 0.02367955479926119,
            "min": 0.021399169454040627,
            "max": 0.02619309526247283,
            "count": 9
        },
        "BalanceBall1.Losses.PolicyLoss.sum": {
            "value": 0.11839777399630595,
            "min": 0.08957908733282238,
            "max": 0.13096547631236416,
            "count": 9
        },
        "BalanceBall1.Losses.ValueLoss.mean": {
            "value": 39.106887919108075,
            "min": 13.177880897521973,
            "max": 39.106887919108075,
            "count": 9
        },
        "BalanceBall1.Losses.ValueLoss.sum": {
            "value": 195.53443959554036,
            "min": 55.12975562413534,
            "max": 195.53443959554036,
            "count": 9
        },
        "BalanceBall1.Policy.LearningRate.mean": {
            "value": 4.652168449279999e-05,
            "min": 4.652168449279999e-05,
            "max": 0.000284544005152,
            "count": 9
        },
        "BalanceBall1.Policy.LearningRate.sum": {
            "value": 0.00023260842246399996,
            "min": 0.00023260842246399996,
            "max": 0.0012836160721279995,
            "count": 9
        },
        "BalanceBall1.Policy.Epsilon.mean": {
            "value": 0.1155072,
            "min": 0.1155072,
            "max": 0.19484800000000002,
            "count": 9
        },
        "BalanceBall1.Policy.Epsilon.sum": {
            "value": 0.577536,
            "min": 0.5403392,
            "max": 0.927872,
            "count": 9
        },
        "BalanceBall1.Policy.Beta.mean": {
            "value": 0.0007838092799999999,
            "min": 0.0007838092799999999,
            "max": 0.0047429151999999995,
            "count": 9
        },
        "BalanceBall1.Policy.Beta.sum": {
            "value": 0.003919046399999999,
            "min": 0.003919046399999999,
            "max": 0.021400812800000002,
            "count": 9
        },
        "BalanceBall1.IsTraining.mean": {
            "value": 1.0,
            "min": 1.0,
            "max": 1.0,
            "count": 9
        },
        "BalanceBall1.IsTraining.sum": {
            "value": 1.0,
            "min": 1.0,
            "max": 1.0,
            "count": 9
        }
    },
    "metadata": {
        "timer_format_version": "0.1.0",
        "start_time_seconds": "1726328261",
        "python_version": "3.10.0 (tags/v3.10.0:b494f59, Oct  4 2021, 19:00:18) [MSC v.1929 64 bit (AMD64)]",
        "command_line_arguments": "C:\\Users\\kikel\\Documents\\GitHub\\Pendulum\\venv\\Scripts\\mlagents-learn --force",
        "mlagents_version": "0.30.0",
        "mlagents_envs_version": "0.30.0",
        "communication_protocol_version": "1.5.0",
        "pytorch_version": "2.4.1+cpu",
        "numpy_version": "1.21.2",
        "end_time_seconds": "1726333109"
    },
    "total": 4847.541443800001,
    "count": 1,
    "self": 0.009402099996805191,
    "children": {
        "run_training.setup": {
            "total": 0.039518300007330254,
            "count": 1,
            "self": 0.039518300007330254
        },
        "TrainerController.start_learning": {
            "total": 4847.492523399997,
            "count": 1,
            "self": 12.385566107972409,
            "children": {
                "TrainerController._reset_env": {
                    "total": 15.121166700002505,
                    "count": 1,
                    "self": 15.121166700002505
                },
                "TrainerController.advance": {
                    "total": 4819.8446597920265,
                    "count": 473967,
                    "self": 11.185354193716194,
                    "children": {
                        "env_step": {
                            "total": 4665.21012610184,
                            "count": 473967,
                            "self": 4015.7317674157966,
                            "children": {
                                "SubprocessEnvManager._take_step": {
                                    "total": 641.2419905933348,
                                    "count": 473967,
                                    "self": 29.746366988430964,
                                    "children": {
                                        "TorchPolicy.evaluate": {
                                            "total": 611.4956236049038,
                                            "count": 473967,
                                            "self": 611.4956236049038
                                        }
                                    }
                                },
                                "workers": {
                                    "total": 8.23636809270829,
                                    "count": 473966,
                                    "self": 0.0,
                                    "children": {
                                        "worker_root": {
                                            "total": 4751.83002219387,
                                            "count": 473966,
                                            "is_parallel": true,
                                            "self": 1380.9671569983038,
                                            "children": {
                                                "steps_from_proto": {
                                                    "total": 0.0010593000042717904,
                                                    "count": 1,
                                                    "is_parallel": true,
                                                    "self": 0.00041569999302737415,
                                                    "children": {
                                                        "_process_rank_one_or_two_observation": {
                                                            "total": 0.0006436000112444162,
                                                            "count": 2,
                                                            "is_parallel": true,
                                                            "self": 0.0006436000112444162
                                                        }
                                                    }
                                                },
                                                "UnityEnvironment.step": {
                                                    "total": 3370.8618058955617,
                                                    "count": 473966,
                                                    "is_parallel": true,
                                                    "self": 43.678230789126246,